--
-- PostgreSQL database dump
--

-- Dumped from database version 10.15 (Ubuntu 10.15-0ubuntu0.18.04.1)
-- Dumped by pg_dump version 10.15 (Ubuntu 10.15-0ubuntu0.18.04.1)

SET statement_timeout = 0;
SET lock_timeout = 0;
SET idle_in_transaction_session_timeout = 0;
SET client_encoding = 'UTF8';
SET standard_conforming_strings = on;
SELECT pg_catalog.set_config('search_path', '', false);
SET check_function_bodies = false;
SET xmloption = content;
SET client_min_messages = warning;
SET row_security = off;

--
-- Name: plpgsql; Type: EXTENSION; Schema: -; Owner: 
--

CREATE EXTENSION IF NOT EXISTS plpgsql WITH SCHEMA pg_catalog;


--
-- Name: EXTENSION plpgsql; Type: COMMENT; Schema: -; Owner: 
--

COMMENT ON EXTENSION plpgsql IS 'PL/pgSQL procedural language';


SET default_tablespace = '';

SET default_with_oids = false;

--
-- Name: ar_internal_metadata; Type: TABLE; Schema: public; Owner: binyam
--

CREATE TABLE public.ar_internal_metadata (
    key character varying NOT NULL,
    value character varying,
    created_at timestamp(6) without time zone NOT NULL,
    updated_at timestamp(6) without time zone NOT NULL
);


ALTER TABLE public.ar_internal_metadata OWNER TO binyam;

--
-- Name: article_categories; Type: TABLE; Schema: public; Owner: binyam
--

CREATE TABLE public.article_categories (
    id bigint NOT NULL,
    article_id bigint,
    category_id bigint,
    created_at timestamp(6) without time zone NOT NULL,
    updated_at timestamp(6) without time zone NOT NULL
);


ALTER TABLE public.article_categories OWNER TO binyam;

--
-- Name: article_categories_id_seq; Type: SEQUENCE; Schema: public; Owner: binyam
--

CREATE SEQUENCE public.article_categories_id_seq
    START WITH 1
    INCREMENT BY 1
    NO MINVALUE
    NO MAXVALUE
    CACHE 1;


ALTER TABLE public.article_categories_id_seq OWNER TO binyam;

--
-- Name: article_categories_id_seq; Type: SEQUENCE OWNED BY; Schema: public; Owner: binyam
--

ALTER SEQUENCE public.article_categories_id_seq OWNED BY public.article_categories.id;


--
-- Name: articles; Type: TABLE; Schema: public; Owner: binyam
--

CREATE TABLE public.articles (
    id bigint NOT NULL,
    title character varying NOT NULL,
    text text NOT NULL,
    author_id bigint,
    created_at timestamp(6) without time zone NOT NULL,
    updated_at timestamp(6) without time zone NOT NULL,
    image_file_name character varying,
    image_content_type character varying,
    image_file_size bigint,
    image_updated_at timestamp without time zone
);


ALTER TABLE public.articles OWNER TO binyam;

--
-- Name: articles_id_seq; Type: SEQUENCE; Schema: public; Owner: binyam
--

CREATE SEQUENCE public.articles_id_seq
    START WITH 1
    INCREMENT BY 1
    NO MINVALUE
    NO MAXVALUE
    CACHE 1;


ALTER TABLE public.articles_id_seq OWNER TO binyam;

--
-- Name: articles_id_seq; Type: SEQUENCE OWNED BY; Schema: public; Owner: binyam
--

ALTER SEQUENCE public.articles_id_seq OWNED BY public.articles.id;


--
-- Name: categories; Type: TABLE; Schema: public; Owner: binyam
--

CREATE TABLE public.categories (
    id bigint NOT NULL,
    name character varying,
    priority integer DEFAULT 0,
    created_at timestamp(6) without time zone NOT NULL,
    updated_at timestamp(6) without time zone NOT NULL
);


ALTER TABLE public.categories OWNER TO binyam;

--
-- Name: categories_id_seq; Type: SEQUENCE; Schema: public; Owner: binyam
--

CREATE SEQUENCE public.categories_id_seq
    START WITH 1
    INCREMENT BY 1
    NO MINVALUE
    NO MAXVALUE
    CACHE 1;


ALTER TABLE public.categories_id_seq OWNER TO binyam;

--
-- Name: categories_id_seq; Type: SEQUENCE OWNED BY; Schema: public; Owner: binyam
--

ALTER SEQUENCE public.categories_id_seq OWNED BY public.categories.id;


--
-- Name: schema_migrations; Type: TABLE; Schema: public; Owner: binyam
--

CREATE TABLE public.schema_migrations (
    version character varying NOT NULL
);


ALTER TABLE public.schema_migrations OWNER TO binyam;

--
-- Name: users; Type: TABLE; Schema: public; Owner: binyam
--

CREATE TABLE public.users (
    id bigint NOT NULL,
    name character varying NOT NULL,
    created_at timestamp(6) without time zone NOT NULL,
    updated_at timestamp(6) without time zone NOT NULL,
    password_digest character varying
);


ALTER TABLE public.users OWNER TO binyam;

--
-- Name: users_id_seq; Type: SEQUENCE; Schema: public; Owner: binyam
--

CREATE SEQUENCE public.users_id_seq
    START WITH 1
    INCREMENT BY 1
    NO MINVALUE
    NO MAXVALUE
    CACHE 1;


ALTER TABLE public.users_id_seq OWNER TO binyam;

--
-- Name: users_id_seq; Type: SEQUENCE OWNED BY; Schema: public; Owner: binyam
--

ALTER SEQUENCE public.users_id_seq OWNED BY public.users.id;


--
-- Name: votes; Type: TABLE; Schema: public; Owner: binyam
--

CREATE TABLE public.votes (
    id bigint NOT NULL,
    user_id bigint,
    article_id bigint,
    created_at timestamp(6) without time zone NOT NULL,
    updated_at timestamp(6) without time zone NOT NULL
);


ALTER TABLE public.votes OWNER TO binyam;

--
-- Name: votes_id_seq; Type: SEQUENCE; Schema: public; Owner: binyam
--

CREATE SEQUENCE public.votes_id_seq
    START WITH 1
    INCREMENT BY 1
    NO MINVALUE
    NO MAXVALUE
    CACHE 1;


ALTER TABLE public.votes_id_seq OWNER TO binyam;

--
-- Name: votes_id_seq; Type: SEQUENCE OWNED BY; Schema: public; Owner: binyam
--

ALTER SEQUENCE public.votes_id_seq OWNED BY public.votes.id;


--
-- Name: article_categories id; Type: DEFAULT; Schema: public; Owner: binyam
--

ALTER TABLE ONLY public.article_categories ALTER COLUMN id SET DEFAULT nextval('public.article_categories_id_seq'::regclass);


--
-- Name: articles id; Type: DEFAULT; Schema: public; Owner: binyam
--

ALTER TABLE ONLY public.articles ALTER COLUMN id SET DEFAULT nextval('public.articles_id_seq'::regclass);


--
-- Name: categories id; Type: DEFAULT; Schema: public; Owner: binyam
--

ALTER TABLE ONLY public.categories ALTER COLUMN id SET DEFAULT nextval('public.categories_id_seq'::regclass);


--
-- Name: users id; Type: DEFAULT; Schema: public; Owner: binyam
--

ALTER TABLE ONLY public.users ALTER COLUMN id SET DEFAULT nextval('public.users_id_seq'::regclass);


--
-- Name: votes id; Type: DEFAULT; Schema: public; Owner: binyam
--

ALTER TABLE ONLY public.votes ALTER COLUMN id SET DEFAULT nextval('public.votes_id_seq'::regclass);


--
-- Data for Name: ar_internal_metadata; Type: TABLE DATA; Schema: public; Owner: binyam
--

COPY public.ar_internal_metadata (key, value, created_at, updated_at) FROM stdin;
environment	development	2021-01-19 07:46:27.428777	2021-01-19 07:46:27.428777
\.


--
-- Data for Name: article_categories; Type: TABLE DATA; Schema: public; Owner: binyam
--

COPY public.article_categories (id, article_id, category_id, created_at, updated_at) FROM stdin;
4	11	3	2021-01-25 10:21:53.50104	2021-01-25 10:21:53.50104
5	12	4	2021-01-25 10:33:31.693319	2021-01-25 10:33:31.693319
6	13	5	2021-01-25 10:33:59.352148	2021-01-25 10:33:59.352148
7	14	6	2021-01-26 00:01:28.775847	2021-01-26 00:01:28.775847
8	15	3	2021-01-26 09:53:08.219389	2021-01-26 09:53:08.219389
9	16	3	2021-01-26 09:59:31.971416	2021-01-26 09:59:31.971416
10	17	4	2021-01-26 10:10:06.970459	2021-01-26 10:10:06.970459
11	18	4	2021-01-26 10:11:49.265367	2021-01-26 10:11:49.265367
12	19	4	2021-01-26 12:45:29.795747	2021-01-26 12:45:29.795747
\.


--
-- Data for Name: articles; Type: TABLE DATA; Schema: public; Owner: binyam
--

COPY public.articles (id, title, text, author_id, created_at, updated_at, image_file_name, image_content_type, image_file_size, image_updated_at) FROM stdin;
8	bird 1	content about bird1	1	2021-01-25 10:04:01.504356	2021-01-25 10:04:01.504356	bird1.jpeg	image/jpeg	57549	2021-01-25 10:03:57.064071
9	bird 1	content about bird1	1	2021-01-25 10:04:47.396248	2021-01-25 10:04:47.396248	bird1.jpeg	image/jpeg	57549	2021-01-25 10:04:47.204151
10	cat1	content	5	2021-01-25 10:14:54.207467	2021-01-25 10:14:54.207467	\N	\N	\N	\N
18	Do Cats Need Wet Food? Benefits of Including it in Their Diets	Lorem ipsum dolor sit amet consectetur adipisicing elit. Incidunt quidem dolorem voluptatem nihil quo repudiandae veritatis vel suscipit hic ea eaque, nam autem minima nemo, laborum error aperiam. Aperiam, provident.\r\n	6	2021-01-26 10:11:48.087411	2021-01-26 10:11:48.087411	cat3.jpg	image/jpeg	18069	2021-01-26 10:11:47.976234
11	Birds sniff out potential mates who are genetically different	Lorem ipsum dolor sit amet, consectetur adipiscing elit, sed do eiusmod tempor incididunt ut labore et dolore magna aliqua. Volutpat est velit egestas dui id ornare arcu. Mauris cursus mattis molestie a iaculis at. Ultrices gravida dictum fusce ut. Pulvinar elementum integer enim neque. Proin fermentum leo vel orci porta non pulvinar neque. Scelerisque felis imperdiet proin fermentum leo vel orci porta. Pretium fusce id velit ut tortor pretium viverra. Risus nullam eget felis eget nunc lobortis mattis aliquam faucibus. Tincidunt praesent semper feugiat nibh. Sed id semper risus in. Gravida neque convallis a cras semper auctor neque vitae tempus. Accumsan lacus vel facilisis volutpat est velit egestas. Vivamus arcu felis bibendum ut tristique. Condimentum id venenatis a condimentum vitae sapien pellentesque habitant morbi. Purus sit amet volutpat consequat mauris nunc congue nisi. Aenean sed adipiscing diam donec adipiscing tristique risus nec feugiat. Commodo elit at imperdiet dui accumsan sit amet nulla facilisi.	1	2021-01-25 10:21:53.452365	2021-01-26 09:42:39.407817	bird1.jpeg	image/jpeg	57549	2021-01-25 10:21:53.361778
15	Flightless birds were more common before human-driven extinctions – new study	Lorem ipsum dolor sit amet consectetur adipisicing elit. Molestiae unde quia quae expedita magni minima possimus sunt perferendis quam odit. Dignissimos tenetur, sint deserunt amet aperiam voluptas nisi dicta temporibus.\r\n	6	2021-01-26 09:53:08.016501	2021-01-26 09:53:08.016501	bird2.jpg	image/jpeg	61021	2021-01-26 09:53:07.276509
16	unique birds living in a damaged country	Lorem ipsum, dolor sit amet consectetur adipisicing elit. Temporibus iste reiciendis voluptate corporis ut? Itaque molestias nihil nam beatae officia, omnis dolores, iusto consequatur unde nemo odio vel eius voluptas?	6	2021-01-26 09:59:31.415037	2021-01-26 09:59:31.415037	bird3.jpg	image/jpeg	4318694	2021-01-26 09:59:27.84535
17	Guide to Grooming a Cat	Lorem ipsum dolor, sit amet consectetur adipisicing elit. Ipsa placeat natus iusto dolorum deleniti ut at et, consectetur molestias maiores vel, magnam expedita ipsam accusamus earum accusantium quam, unde iure?\r\n	6	2021-01-26 10:10:06.91327	2021-01-26 10:10:06.91327	cat2.jpeg	image/jpeg	52005	2021-01-26 10:10:06.756714
12	Understanding Cat Asthma, Including the Best Cat Litter for Cats with Asthma	Lorem ipsum dolor sit amet, consectetur adipiscing elit. Ut convallis justo ut odio rhoncus imperdiet. Mauris cursus euismod ipsum et imperdiet. Pellentesque consectetur consequat metus nec rutrum. Donec sodales, erat vel pellentesque sodales, mauris orci dapibus odio, eget blandit dolor ante interdum mauris. Nunc ante tellus, ultrices eu lobortis non, ornare eu quam. Vivamus auctor libero nec porttitor tempus. Nullam neque sem, pretium sed porttitor sed, lobortis id libero. Phasellus aliquam lacus sed lorem porta eleifend. Pellentesque habitant morbi tristique senectus et netus et malesuada fames ac turpis egestas. Phasellus a tristique justo, tristique gravida ligula. Morbi vitae leo in nisi tristique gravida eu in lectus. Duis finibus libero est, a mattis ipsum dapibus eu. Quisque scelerisque laoreet semper. Quisque vehicula ipsum orci, ut varius libero convallis ut. Nunc in nisl nunc.	1	2021-01-25 10:33:31.621984	2021-01-26 10:13:06.634385	cat1.jpg	image/jpeg	52096	2021-01-25 10:33:30.853619
13	The real reason why sharks attack humans.	Lorem ipsum dolor sit amet, consectetur adipiscing elit. Ut convallis justo ut odio rhoncus imperdiet. Mauris cursus euismod ipsum et imperdiet. Pellentesque consectetur consequat metus nec rutrum. Donec sodales, erat vel pellentesque sodales, mauris orci dapibus odio, eget blandit dolor ante interdum mauris. Nunc ante tellus, ultrices eu lobortis non, ornare eu quam. Vivamus auctor libero nec porttitor tempus. Nullam neque sem, pretium sed porttitor sed, lobortis id libero. Phasellus aliquam lacus sed lorem porta eleifend. Pellentesque habitant morbi tristique senectus et netus et malesuada fames ac turpis egestas. Phasellus a tristique justo, tristique gravida ligula. Morbi vitae leo in nisi tristique gravida eu in lectus. Duis finibus libero est, a mattis ipsum dapibus eu. Quisque scelerisque laoreet semper. Quisque vehicula ipsum orci, ut varius libero convallis ut. Nunc in nisl nunc.	1	2021-01-25 10:33:59.006459	2021-01-26 12:31:39.514024	fish1.jpg	image/jpeg	31605	2021-01-25 10:33:58.899211
14	Polar Bears Really Are Starving Because of Global Warming, Study Shows	content	1	2021-01-26 00:01:28.668801	2021-01-26 12:33:24.605133	bear1.jpeg	image/jpeg	12790	2021-01-26 00:01:26.506799
19	Can Cats Eat Blueberries?	Lorem, ipsum dolor sit amet consectetur adipisicing elit. Dolore nam rem quisquam expedita mollitia amet a architecto quasi accusamus labore quas, qui eum quaerat sed, in atque ipsa alias. Ex.\r\n	6	2021-01-26 12:45:29.645869	2021-01-26 12:45:29.645869	cat4.jpg	image/jpeg	29168	2021-01-26 12:45:28.531462
\.


--
-- Data for Name: categories; Type: TABLE DATA; Schema: public; Owner: binyam
--

COPY public.categories (id, name, priority, created_at, updated_at) FROM stdin;
5	Fish	0	2021-01-25 09:23:39.076833	2021-01-25 09:23:39.076833
6	Bears	0	2021-01-25 23:57:37.166034	2021-01-25 23:57:37.166034
3	Birds	1	2021-01-25 09:22:33.992563	2021-01-26 09:50:28.344465
4	Cats	2	2021-01-25 09:23:15.522403	2021-01-26 09:50:50.531971
\.


--
-- Data for Name: schema_migrations; Type: TABLE DATA; Schema: public; Owner: binyam
--

COPY public.schema_migrations (version) FROM stdin;
20210118164429
20210119025507
20210119063015
20210119064457
20210119120646
20210119124903
20210121155230
20210124091312
20210125092121
\.


--
-- Data for Name: users; Type: TABLE DATA; Schema: public; Owner: binyam
--

COPY public.users (id, name, created_at, updated_at, password_digest) FROM stdin;
2	u1	2021-01-22 10:09:10.239563	2021-01-22 10:09:10.239563	$2a$12$IAx.MFFPFmiGAp4Fca2pYu20srIKx80gLXn4GD5JMdKTebYseCsZy
3	user5	2021-01-25 04:11:10.984203	2021-01-25 04:11:10.984203	$2a$12$QJl/tgzBOVE2FZ0M.8EvJui0p632duNBAEK/tCXctwJJUAYhvR0/y
4	user6	2021-01-25 04:12:11.78234	2021-01-25 04:12:11.78234	$2a$12$zvhB9CdMZdJcdLSvsKM9yOOl35Pop.G8D1vqMxKm14mMg4mNPph/u
5	user7	2021-01-25 04:12:34.412298	2021-01-25 04:12:34.412298	$2a$12$AX1jHbV21GfEsLEQ8Nn.CegNuPAca0Fv2WnJy954kPFctvZZ9HX4m
6	David	2021-01-26 09:38:09.055429	2021-01-26 12:34:33.925141	$2a$12$pvrteC/0Ya2zFDDYeW3.Ie.PgerZFYIaR5bCuhc1UyUBHjmwKrUK2
1	Joseph	2021-01-19 14:22:07.663679	2021-01-26 12:43:25.928594	$2a$12$wSkk6.EvygI7L3NcTOImFuem2ZA29uLjI08XFtEYpePguag4HlcpG
7	user8	2021-01-26 12:47:09.261556	2021-01-26 12:47:09.261556	$2a$12$805gAQBaUUHuSsJlsgJscumdEthOuxaOrW9rl.sXSf.dI/wj.3hmG
\.


--
-- Data for Name: votes; Type: TABLE DATA; Schema: public; Owner: binyam
--

COPY public.votes (id, user_id, article_id, created_at, updated_at) FROM stdin;
17	1	12	2021-01-26 09:34:22.075212	2021-01-26 09:34:22.075212
18	1	13	2021-01-26 09:34:31.056661	2021-01-26 09:34:31.056661
21	6	11	2021-01-26 09:48:43.484479	2021-01-26 09:48:43.484479
22	6	19	2021-01-26 12:46:16.054953	2021-01-26 12:46:16.054953
23	6	17	2021-01-26 12:46:18.978892	2021-01-26 12:46:18.978892
24	1	19	2021-01-26 12:46:35.968592	2021-01-26 12:46:35.968592
26	6	13	2021-01-26 13:53:33.62219	2021-01-26 13:53:33.62219
27	5	13	2021-01-26 13:53:53.213011	2021-01-26 13:53:53.213011
28	7	13	2021-01-26 13:54:08.216233	2021-01-26 13:54:08.216233
29	7	19	2021-01-26 13:54:24.50611	2021-01-26 13:54:24.50611
\.


--
-- Name: article_categories_id_seq; Type: SEQUENCE SET; Schema: public; Owner: binyam
--

SELECT pg_catalog.setval('public.article_categories_id_seq', 12, true);


--
-- Name: articles_id_seq; Type: SEQUENCE SET; Schema: public; Owner: binyam
--

SELECT pg_catalog.setval('public.articles_id_seq', 19, true);


--
-- Name: categories_id_seq; Type: SEQUENCE SET; Schema: public; Owner: binyam
--

SELECT pg_catalog.setval('public.categories_id_seq', 6, true);


--
-- Name: users_id_seq; Type: SEQUENCE SET; Schema: public; Owner: binyam
--

SELECT pg_catalog.setval('public.users_id_seq', 7, true);


--
-- Name: votes_id_seq; Type: SEQUENCE SET; Schema: public; Owner: binyam
--

SELECT pg_catalog.setval('public.votes_id_seq', 29, true);


--
-- Name: ar_internal_metadata ar_internal_metadata_pkey; Type: CONSTRAINT; Schema: public; Owner: binyam
--

ALTER TABLE ONLY public.ar_internal_metadata
    ADD CONSTRAINT ar_internal_metadata_pkey PRIMARY KEY (key);


--
-- Name: article_categories article_categories_pkey; Type: CONSTRAINT; Schema: public; Owner: binyam
--

ALTER TABLE ONLY public.article_categories
    ADD CONSTRAINT article_categories_pkey PRIMARY KEY (id);


--
-- Name: articles articles_pkey; Type: CONSTRAINT; Schema: public; Owner: binyam
--

ALTER TABLE ONLY public.articles
    ADD CONSTRAINT articles_pkey PRIMARY KEY (id);


--
-- Name: categories categories_pkey; Type: CONSTRAINT; Schema: public; Owner: binyam
--

ALTER TABLE ONLY public.categories
    ADD CONSTRAINT categories_pkey PRIMARY KEY (id);


--
-- Name: schema_migrations schema_migrations_pkey; Type: CONSTRAINT; Schema: public; Owner: binyam
--

ALTER TABLE ONLY public.schema_migrations
    ADD CONSTRAINT schema_migrations_pkey PRIMARY KEY (version);


--
-- Name: users users_pkey; Type: CONSTRAINT; Schema: public; Owner: binyam
--

ALTER TABLE ONLY public.users
    ADD CONSTRAINT users_pkey PRIMARY KEY (id);


--
-- Name: votes votes_pkey; Type: CONSTRAINT; Schema: public; Owner: binyam
--

ALTER TABLE ONLY public.votes
    ADD CONSTRAINT votes_pkey PRIMARY KEY (id);


--
-- Name: index_article_categories_on_article_id; Type: INDEX; Schema: public; Owner: binyam
--

CREATE INDEX index_article_categories_on_article_id ON public.article_categories USING btree (article_id);


--
-- Name: index_article_categories_on_category_id; Type: INDEX; Schema: public; Owner: binyam
--

CREATE INDEX index_article_categories_on_category_id ON public.article_categories USING btree (category_id);


--
-- Name: index_articles_on_author_id; Type: INDEX; Schema: public; Owner: binyam
--

CREATE INDEX index_articles_on_author_id ON public.articles USING btree (author_id);


--
-- Name: index_users_on_name; Type: INDEX; Schema: public; Owner: binyam
--

CREATE UNIQUE INDEX index_users_on_name ON public.users USING btree (name);


--
-- Name: index_votes_on_article_id; Type: INDEX; Schema: public; Owner: binyam
--

CREATE INDEX index_votes_on_article_id ON public.votes USING btree (article_id);


--
-- Name: index_votes_on_user_id; Type: INDEX; Schema: public; Owner: binyam
--

CREATE INDEX index_votes_on_user_id ON public.votes USING btree (user_id);


--
-- Name: articles fk_rails_e74ce85cbc; Type: FK CONSTRAINT; Schema: public; Owner: binyam
--

ALTER TABLE ONLY public.articles
    ADD CONSTRAINT fk_rails_e74ce85cbc FOREIGN KEY (author_id) REFERENCES public.users(id);


--
-- PostgreSQL database dump complete
--

